Tweets,Analysis
"follow footsteps golf legends two iconic links courses , open play. book tee time :",Positive
savor sweetness chocolates summer long. shipping decadent treats pause may 1st resume september 30th. stock today !,Positive
rt : spotted : ever innovative ' burst bubble cocktail ' netflix + chill( ed ) : 12 c ‚Ä¶,Positive
bucket list ? take virtual tour oceanfront public course discover challenging game unrivaled scenic beauty awaits :,Positive
"central park truly one wonders world. corporate headquarters trump tower , delighted enjoy spectacular view every day , especially earthday.",Positive
"neversettle mantra translated nominations industry ' top accolades ! reflect favorite travel experiences us , would honored vote. cast ballot",Positive
rt : ballots open ! several trumphotels nominated industry ' top accolades ‚ú® share favorite ‚Ä¶,Positive
"exquisite atmosphere , delectable cuisine , 18 holes world-class golf. love escaping relaxing afternoon away new york city.",Positive
"discover ultimate golf resort experience , luxury woven every detail. üì∑ :",Positive
"delighted welcome back april 26th ! escape ayrshire coast spring discover endless experiences await historic destination. details , visit",Positive
"palm beach sunrise captivating last , especially viewed extraordinary beach club mar-a-lago.",Positive
spending nationalbeerday decadent burger followed lavish afternoon white sand beaches .,Positive
"rt : spring toward travel ! featuring spring themed amenity generous credit towards dining , ‚Ä¶",Positive
"pictured ‚Äô exquisitely manicured english garden surrounded 1,300 acres magnificent virginia wine country.",Positive
"experience magic cherry blossom season ‚Äô cherry picked luxury offer. enjoy private walking tour , daily breakfast , exclusive cherry blossom amenities ‚Äî things make signature season even special. üå∏",Positive
always iconic trump classic usa ? shop full t45 collection,Positive
rt : nothing like sunny skies stunning gardens set stage perfect moment. https : / ‚Ä¶,Positive
"ode spring - delectable cuisine , new york city bloom , stunning central park views. come see us season .üå≥",Positive
rt : happy first day spring trump golf family ! looking forward season ?,Positive
"rt : picturesque onsite chapel ever seen array unique venues , weddings ‚Ä¶",Positive
"could anywhere world stpatricksday , would , irish history tradition woven every detail.",Positive
"rt : things pair better golf guinness , especially stpatricksday.",Positive
"rt : not content donning green hats , everything buildings rivers goes green st patrick ' day ! st. patri ‚Ä¶",Positive
enjoy front-row seat chicago ' longstanding tradition dyeing river green.üçÄ,Positive
"spring travel year daylight savings offer ! today , enjoy 30 % room types iconic destinations. book",Positive
rt : today ‚è∞ time save daylight ! spring travel daylight savings offer enjoy 30 % gu ‚Ä¶,Positive
"wake breathtaking views caribbean sea stay ch√¢teau des palmiers , luxurious estate stunning island st. martin.",Positive
no better place stay play legendary . book spring getaway,Negative
rt : taking time today appreciate incredible women forefront destinations across globe ! cel ‚Ä¶,Positive
"looking forward spring start patio season , especially breathtaking terrace .",Positive
rt : weekends made signature martinis üç∏ sipping today ?,Positive
rt : friday plans ? find us lounging royal palm pool.,Positive
"spectacular ocean views , incredible location , impeccable details make newly listed , 8,269 square foot estate magnificent home palm beach living. inquiries , visit",Positive
signature trump clock stands every setting.,Positive
"rt : championship golf world-class scotch everything , annual trumpchallenge one books ! co ‚Ä¶",Positive
"castle , king , lighthouse. discover compelling story behind one greatest trump treasures , lighthouse.",Positive
"signature cocktails sweeping views , neversettle less exceptional stay . visit reservations.‚ú®",Positive
rt : proud announce 7 destinations among first hotels world become sharecare health sec ‚Ä¶,Positive
"beautiful flag waves proudly today every day , especially presidents day.üá∫üá∏",Positive
"roses red , fountains blue , would love spa day ! visit reserve treatment.",Positive
"entrance always entrancing , stunning entryway pictured distinguished .",Positive
rt : give gift luxury special someone ! egift cards used trump hotels destinations expe ‚Ä¶,Positive
"iconic addition selection , get trump hat",Positive
"pacific ocean views every hole , presents challenging game unrivaled scenic beauty. visit book tee time.",Positive
rt : iconic pairing prefer ? ros√© champagne + chocolate ü•Ç dalmore whiskey + chocolate ü•É might continue ta ‚Ä¶,Positive
meticulously redeveloped retain incredible historic character. guess pictured ?,Positive
"say "" "" among 1,300 acres stunning virginia wine country. grand affairs intimate gatherings , expert team ensure special day exactly imagined. visit",Positive
"rt : 1930 landmark property restored original grandeur 1996 . today , stand one ‚Ä¶",Positive
"whether snowed sun , perfect time shop ‚Äô valentine ' day gift guide special someone :",Positive
"enjoy new american fare ‚Äô terrace 16 amidst iconic views downtown chicago. open indoor dining , book reservation",Positive
"jewel within portfolio 15 years , invite follow , 72-story landmark property heart new york city ' financial district. learn iconic building , visit",Positive
"rt : welcome 40 wall street , trump building , history new york ‚Äô financial district comes together ne ‚Ä¶",Positive
"rt : dreaming coastal scene , golfers enjoy 18 holes world-class golf unforgettable ‚Ä¶",Positive
rt : designed top getaways set high strip. delivers sophisticated take vegas style. ‚Ä¶,Positive
"luxury golf meets lush accommodations. stay play , premier golf resort destination sunny south florida :",Positive
"rt : less week , back online ready accept orders. true testament incredible team ! visit h ‚Ä¶",Positive
"wishing bright , healthy happy new year ! look forward seeing everyone destinations 2021.üéä",Positive
"enjoy 15 % digital gift card orders $ 100 december 31st ! redeemable , , trump retail stores , next adventure awaits world-class destinations around globe. purchase",Positive
rt : three days left ! ‚è∞ take advantage 15 % egift card purchases $ 100 end year ! ‚Ä¶,Negative
"behalf entire trump organization , would like wish merry christmas happy holiday season !",Positive
"incredible bellman , jesus , known singing guests birthdays special occasions. hope enjoy much guests ! üåü",Positive
"give gift luxury enjoy 15 % egift card orders $ 100 more. redeemable , , trump spas , array experiences await destinations around globe. shop",Positive
welcoming first day winter scene first snowfall. magical moments look forward months ahead ! ‚ùÑÔ∏è,Positive
rt : first day winter us dreaming snowy central park views ‚ùÑÔ∏è,Positive
incredibly proud awarded no. 4 no. 33 top 100 courses world golf world magazine. congratulations wonderful teams !,Positive
rt : congratulations scotland named 4 ‚Äúbest course world ‚Äù magazine ‚Ä¶,Positive
riders foxhounds felt right home essex fox hunt year. wonderful way honor club ' history celebrate longstanding tradition !,Positive
"rt : give gift trump season. featuring holiday gift guides , egift cards , , somethi ‚Ä¶",Positive
"every year , corporate office collects gifts _usa. incredible grateful support , helping bring holiday cheer less fortunate community.",Positive
"get holiday spirit skating across iconic , one central park ‚Äô well known attractions spectacular new york city skyline views.‚ú®",Positive
rt : first snowfall season ! ‚ùÑÔ∏è,Positive
christmas tree bringing new level luxury pennsylvania avenue.‚ú®,Positive
"rt : every christmas , office collects holiday presents _usa deliver love happiness less fortunate c ‚Ä¶",Positive
unwind inviting fire discover wealth whiskies classic cocktails ‚Äô clavis whisky bar.ü•É,Positive
"rt : hosting great one masters champion better half , brother caddie austin johnso ‚Ä¶",Positive
"last chance take advantage suitest deal year ! enjoy 30 % savings suites. honor givingtuesday , $ 10 donation made every booking :",Positive
bring world trump home christmas. enjoy 50 % select apparel 25 % everything sale ends tonight !,Positive
rt : not miss legendary golf getaway ! make sure enough space unwind day th ‚Ä¶,Positive
"rt : suite , suite sale ! known iconic exterior gold tint , made actual 24kt gold ‚Ä¶",Positive
today give thanks grateful hearts. happy thanksgiving family !,Positive
"rt : us trump hotels , wishing happy thanksgiving ! ü¶É",Positive
host elegance style holiday season. shop gift guide ‚Äúfor entertainer : ‚Äù,Positive
"swaying palm trees , bold bunkering , pristine greens. heart golf season , , !",Positive
"every year watch central park transform brilliant fall hues , every year , view breathtaking last.üçÇ",Positive
"rt : congratulations dear friend incredible themasters win ‚Äî no. 1 world , 2nd major title , 24t ‚Ä¶",Positive
"showcasing franklin study , stunning event space adorned endless art cherry blossom trees , capital city ' signature flora.",Positive
"today every day , celebrate american heroes whose service sacrifice allow us live safety peace. veteransday",Positive
"inspired adventure awaits , stunning hotel destination one america ' vibrant cities.",Positive
"experience true irish hospitality dazzling , old-world luxury meets magic charm.",Positive
contrast pristine greens stunning fall hues make view captivating.,Positive
"behalf trump organization , wish families safe , spooky , happyhalloween !",Positive
legendary turnberry lighthouse named ‚Äúworld ‚Äô best halfway house ‚Äù prestigious world golf awards ! congratulations incredible team ‚Äî proud heritage history represented iconic landmark ! üè¥Û†ÅßÛ†Å¢Û†Å≥Û†Å£Û†Å¥Û†Åø,Positive
"rt : thrilled announce lighthouse "" world ' best halfway house "" 2020 world golf ‚Ä¶",Positive
rt : honoured reveal iconic lighthouse named world ' best halfway house prestigious ‚Ä¶,Positive
"rising 68 stories 5th avenue , remained one new york ‚Äô iconic properties since completion 1983.",Positive
enchanting spa treatment awaits beyond lush garden entrance spa .,Positive
"revel majestic scene iconic lighthouse , true trump treasure stunning landmark ayrshire coastline since 1873.",Positive
"step away bustling city streets escape trump park avenue , landmarked architectural wonder manhattan ' upper east side.",Positive
"story began four decades ago one fearless leader. today , leadership continues . happy nationalbossday !",Positive
"rt : happy nationalbossday leaders trump golf family , !",Positive
